velazquez,velazquez_0000,1.11111,0.0,0.0,"[63.0, 0.0, 0.0]","[127.0, 63.0, 0.0]","[0.0, 0.0, 0.0]","[191.0, 127.0, 63.0]","[63.0, 63.0, 0.0]"
velazquez,velazquez_0001,0.85227,0.00027,0.01515,"[0.0, 0.0, 0.0]","[63.0, 63.0, 63.0]","[191.0, 191.0, 191.0]","[127.0, 127.0, 63.0]","[63.0, 63.0, 0.0]"
velazquez,velazquez_0002,1.06383,0.0,0.0,"[191.0, 191.0, 127.0]","[63.0, 63.0, 0.0]","[63.0, 0.0, 0.0]","[127.0, 127.0, 63.0]","[0.0, 0.0, 0.0]"
velazquez,velazquez_0004,0.4886,0.0,0.0,"[63.0, 63.0, 0.0]","[191.0, 191.0, 127.0]","[63.0, 63.0, 63.0]","[63.0, 0.0, 0.0]","[127.0, 63.0, 63.0]"
velazquez,velazquez_0005,0.79365,0.0,0.0,"[0.0, 0.0, 0.0]","[127.0, 63.0, 63.0]","[63.0, 0.0, 0.0]","[63.0, 63.0, 0.0]","[191.0, 127.0, 63.0]"
velazquez,velazquez_0006,1.64835,0.00457,0.19048,"[0.0, 0.0, 0.0]","[63.0, 63.0, 63.0]","[191.0, 191.0, 191.0]","[63.0, 0.0, 0.0]","[127.0, 63.0, 63.0]"
velazquez,velazquez_0007,1.33929,0.00442,0.1131,"[63.0, 63.0, 0.0]","[127.0, 127.0, 127.0]","[0.0, 0.0, 0.0]","[63.0, 63.0, 63.0]","[191.0, 191.0, 191.0]"
velazquez,velazquez_0008,1.31579,0.00936,0.32749,"[63.0, 0.0, 0.0]","[127.0, 127.0, 127.0]","[0.0, 0.0, 0.0]","[63.0, 63.0, 63.0]","[191.0, 191.0, 191.0]"
velazquez,velazquez_0009,0.5814,0.00356,0.10336,"[63.0, 0.0, 0.0]","[127.0, 127.0, 127.0]","[63.0, 63.0, 0.0]","[0.0, 0.0, 0.0]","[63.0, 63.0, 63.0]"
velazquez,velazquez_0010,1.45631,0.0,0.0,"[63.0, 0.0, 63.0]","[127.0, 127.0, 127.0]","[0.0, 0.0, 0.0]","[63.0, 0.0, 0.0]","[63.0, 63.0, 63.0]"
velazquez,velazquez_0011,1.5,0.00963,0.04667,"[63.0, 63.0, 63.0]","[191.0, 191.0, 127.0]","[63.0, 63.0, 0.0]","[0.0, 0.0, 0.0]","[127.0, 63.0, 63.0]"
velazquez,velazquez_0012,1.31579,0.0,0.0,"[0.0, 63.0, 0.0]","[63.0, 63.0, 63.0]","[0.0, 0.0, 0.0]","[191.0, 127.0, 127.0]","[0.0, 63.0, 63.0]"
velazquez,velazquez_0013,1.2931,0.0,0.0,"[63.0, 63.0, 0.0]","[0.0, 0.0, 0.0]","[127.0, 127.0, 0.0]","[63.0, 63.0, 63.0]","[127.0, 63.0, 0.0]"
velazquez,velazquez_0014,1.27119,0.0,0.0,"[63.0, 63.0, 63.0]","[63.0, 63.0, 0.0]","[127.0, 63.0, 63.0]","[0.0, 0.0, 0.0]","[0.0, 63.0, 0.0]"
velazquez,velazquez_0015,0.9375,0.0,0.0,"[63.0, 63.0, 63.0]","[0.0, 0.0, 0.0]","[63.0, 63.0, 0.0]","[127.0, 127.0, 127.0]","[127.0, 63.0, 63.0]"
velazquez,velazquez_0016,0.85714,0.15342,3.05143,"[63.0, 63.0, 63.0]","[0.0, 0.0, 0.0]","[255.0, 191.0, 191.0]","[191.0, 127.0, 63.0]","[63.0, 63.0, 0.0]"
velazquez,velazquez_0017,1.36364,0.0,0.0,"[127.0, 63.0, 0.0]","[0.0, 0.0, 0.0]","[63.0, 0.0, 0.0]","[63.0, 63.0, 0.0]","[191.0, 127.0, 63.0]"
velazquez,velazquez_0018,1.16279,8e-05,0.00517,"[0.0, 0.0, 0.0]","[127.0, 63.0, 63.0]","[191.0, 191.0, 127.0]","[63.0, 0.0, 0.0]","[191.0, 127.0, 63.0]"
velazquez,velazquez_0019,1.25,0.00841,0.31667,"[63.0, 63.0, 0.0]","[0.0, 0.0, 0.0]","[191.0, 191.0, 127.0]","[63.0, 63.0, 63.0]","[127.0, 63.0, 63.0]"
velazquez,velazquez_0020,0.63559,0.00062,0.0113,"[191.0, 127.0, 63.0]","[63.0, 63.0, 63.0]","[0.0, 0.0, 0.0]","[127.0, 63.0, 63.0]","[0.0, 0.0, 63.0]"
velazquez,velazquez_0021,1.38889,0.0,0.0,"[0.0, 0.0, 0.0]","[63.0, 63.0, 0.0]","[191.0, 127.0, 63.0]","[63.0, 63.0, 63.0]","[63.0, 0.0, 0.0]"
velazquez,velazquez_0022,1.59574,0.0,0.0,"[0.0, 0.0, 0.0]","[63.0, 63.0, 63.0]","[191.0, 127.0, 63.0]","[63.0, 63.0, 0.0]","[63.0, 0.0, 0.0]"
velazquez,velazquez_0023,1.33929,0.03332,0.91667,"[127.0, 63.0, 63.0]","[63.0, 0.0, 0.0]","[0.0, 0.0, 0.0]","[63.0, 63.0, 63.0]","[191.0, 191.0, 191.0]"
velazquez,velazquez_0024,1.45631,0.0,0.0,"[63.0, 63.0, 0.0]","[127.0, 127.0, 63.0]","[63.0, 63.0, 63.0]","[0.0, 0.0, 63.0]","[191.0, 191.0, 63.0]"
velazquez,velazquez_0025,1.30435,0.0,0.0,"[63.0, 63.0, 0.0]","[0.0, 0.0, 0.0]","[191.0, 127.0, 63.0]","[63.0, 0.0, 0.0]","[63.0, 63.0, 63.0]"
velazquez,velazquez_0026,1.97368,0.0,0.0,"[63.0, 0.0, 0.0]","[63.0, 63.0, 63.0]","[0.0, 0.0, 0.0]","[63.0, 63.0, 0.0]","[191.0, 127.0, 127.0]"
velazquez,velazquez_0027,1.2931,0.0,0.0,"[255.0, 191.0, 127.0]","[63.0, 0.0, 0.0]","[63.0, 63.0, 63.0]","[127.0, 127.0, 127.0]","[0.0, 0.0, 0.0]"
velazquez,velazquez_0028,1.66667,0.0,0.0,"[63.0, 0.0, 0.0]","[0.0, 0.0, 0.0]","[127.0, 127.0, 63.0]","[63.0, 63.0, 0.0]","[127.0, 63.0, 0.0]"
velazquez,velazquez_0029,2.02703,0.0,0.0,"[0.0, 63.0, 0.0]","[63.0, 63.0, 0.0]","[0.0, 0.0, 0.0]","[191.0, 191.0, 127.0]","[63.0, 63.0, 63.0]"
velazquez,velazquez_0030,1.70455,0.0,0.0,"[63.0, 0.0, 0.0]","[127.0, 63.0, 63.0]","[0.0, 0.0, 0.0]","[63.0, 63.0, 63.0]","[127.0, 127.0, 63.0]"
velazquez,velazquez_0031,1.2,0.0,0.0,"[127.0, 63.0, 63.0]","[63.0, 0.0, 0.0]","[63.0, 63.0, 0.0]","[0.0, 0.0, 0.0]","[63.0, 63.0, 63.0]"
velazquez,velazquez_0032,0.80645,0.00063,0.02151,"[63.0, 63.0, 0.0]","[127.0, 127.0, 127.0]","[0.0, 0.0, 0.0]","[63.0, 0.0, 0.0]","[63.0, 63.0, 63.0]"
velazquez,velazquez_0033,1.31579,0.0,0.0,"[63.0, 63.0, 63.0]","[127.0, 127.0, 127.0]","[127.0, 63.0, 63.0]","[191.0, 191.0, 191.0]","[127.0, 127.0, 63.0]"
velazquez,velazquez_0034,1.32743,0.0,0.0,"[63.0, 63.0, 0.0]","[0.0, 0.0, 0.0]","[127.0, 63.0, 63.0]","[63.0, 0.0, 0.0]","[191.0, 127.0, 127.0]"
velazquez,velazquez_0035,0.72464,0.0022,0.06441,"[63.0, 63.0, 0.0]","[127.0, 127.0, 63.0]","[0.0, 0.0, 0.0]","[63.0, 63.0, 63.0]","[191.0, 191.0, 191.0]"
velazquez,velazquez_0036,1.25,0.0,0.0,"[63.0, 63.0, 63.0]","[0.0, 0.0, 0.0]","[63.0, 63.0, 0.0]","[191.0, 127.0, 127.0]","[127.0, 127.0, 63.0]"
velazquez,velazquez_0037,1.66667,0.0,0.0,"[63.0, 63.0, 0.0]","[127.0, 63.0, 63.0]","[0.0, 0.0, 0.0]","[63.0, 63.0, 63.0]","[63.0, 0.0, 0.0]"
velazquez,velazquez_0038,0.76531,0.0,0.0,"[0.0, 0.0, 0.0]","[127.0, 63.0, 63.0]","[127.0, 127.0, 127.0]","[63.0, 63.0, 63.0]","[191.0, 191.0, 191.0]"
velazquez,velazquez_0039,1.51515,0.0,0.0,"[0.0, 0.0, 0.0]","[127.0, 127.0, 63.0]","[63.0, 63.0, 63.0]","[127.0, 63.0, 63.0]","[191.0, 127.0, 63.0]"
velazquez,velazquez_0040,0.7772,0.0,0.0,"[63.0, 63.0, 0.0]","[127.0, 127.0, 63.0]","[63.0, 63.0, 63.0]","[127.0, 63.0, 63.0]","[0.0, 0.0, 0.0]"
velazquez,velazquez_0041,1.17188,0.0,0.0,"[63.0, 63.0, 63.0]","[0.0, 0.0, 0.0]","[127.0, 127.0, 127.0]","[63.0, 0.0, 0.0]","[63.0, 63.0, 0.0]"
velazquez,velazquez_0042,1.36364,0.00017,0.00606,"[0.0, 0.0, 0.0]","[63.0, 63.0, 0.0]","[191.0, 191.0, 127.0]","[63.0, 63.0, 63.0]","[63.0, 0.0, 0.0]"
velazquez,velazquez_0043,1.17188,0.0,0.0,"[127.0, 127.0, 63.0]","[0.0, 0.0, 0.0]","[191.0, 191.0, 127.0]","[63.0, 63.0, 63.0]","[63.0, 63.0, 0.0]"
velazquez,velazquez_0044,1.38889,0.03457,0.08025,"[63.0, 63.0, 63.0]","[191.0, 191.0, 191.0]","[63.0, 0.0, 0.0]","[127.0, 127.0, 127.0]","[191.0, 191.0, 127.0]"
velazquez,velazquez_0045,1.27119,0.0,0.0,"[127.0, 63.0, 63.0]","[0.0, 0.0, 0.0]","[127.0, 127.0, 63.0]","[63.0, 63.0, 63.0]","[63.0, 63.0, 0.0]"
velazquez,velazquez_0046,1.78571,0.0,0.0,"[0.0, 0.0, 0.0]","[191.0, 191.0, 127.0]","[63.0, 0.0, 0.0]","[127.0, 127.0, 127.0]","[63.0, 63.0, 0.0]"
velazquez,velazquez_0047,1.32743,0.0,0.0,"[0.0, 0.0, 0.0]","[63.0, 63.0, 0.0]","[191.0, 191.0, 127.0]","[127.0, 63.0, 0.0]","[63.0, 0.0, 0.0]"
velazquez,velazquez_0048,1.5,0.00339,0.25333,"[0.0, 0.0, 0.0]","[191.0, 191.0, 127.0]","[127.0, 127.0, 63.0]","[63.0, 63.0, 0.0]","[255.0, 255.0, 191.0]"
velazquez,velazquez_0049,1.30435,0.00057,0.02319,"[63.0, 0.0, 63.0]","[191.0, 191.0, 191.0]","[0.0, 0.0, 0.0]","[63.0, 63.0, 63.0]","[127.0, 127.0, 127.0]"
velazquez,velazquez_0050,1.53061,0.0,0.0,"[191.0, 127.0, 63.0]","[0.0, 0.0, 0.0]","[127.0, 0.0, 0.0]","[63.0, 63.0, 63.0]","[63.0, 0.0, 0.0]"
velazquez,velazquez_0051,1.78571,0.01408,0.25397,"[63.0, 0.0, 0.0]","[63.0, 63.0, 63.0]","[191.0, 191.0, 191.0]","[127.0, 63.0, 63.0]","[0.0, 0.0, 0.0]"
velazquez,velazquez_0052,1.82927,0.00231,0.02439,"[0.0, 0.0, 0.0]","[127.0, 127.0, 127.0]","[191.0, 191.0, 191.0]","[63.0, 63.0, 0.0]","[63.0, 63.0, 63.0]"
velazquez,velazquez_0053,1.80723,0.00078,0.01606,"[0.0, 63.0, 63.0]","[63.0, 63.0, 63.0]","[0.0, 0.0, 0.0]","[191.0, 191.0, 127.0]","[63.0, 63.0, 0.0]"
velazquez,velazquez_0054,1.78571,0.0,0.0,"[127.0, 63.0, 63.0]","[0.0, 0.0, 0.0]","[63.0, 63.0, 63.0]","[127.0, 127.0, 63.0]","[191.0, 191.0, 127.0]"
velazquez,velazquez_0055,1.2605,0.0,0.0,"[63.0, 0.0, 0.0]","[127.0, 63.0, 63.0]","[127.0, 127.0, 63.0]","[191.0, 191.0, 127.0]","[0.0, 0.0, 0.0]"
velazquez,velazquez_0056,1.85185,0.00921,0.41975,"[127.0, 127.0, 63.0]","[0.0, 0.0, 0.0]","[191.0, 127.0, 127.0]","[63.0, 63.0, 0.0]","[191.0, 191.0, 191.0]"
velazquez,velazquez_0057,1.22951,0.0,0.0,"[63.0, 0.0, 0.0]","[63.0, 63.0, 0.0]","[127.0, 127.0, 127.0]","[0.0, 0.0, 0.0]","[63.0, 63.0, 63.0]"
velazquez,velazquez_0058,1.2,0.0,0.0,"[63.0, 63.0, 63.0]","[127.0, 127.0, 127.0]","[127.0, 127.0, 63.0]","[127.0, 63.0, 63.0]","[0.0, 0.0, 0.0]"
velazquez,velazquez_0059,1.5625,0.01314,0.23611,"[63.0, 0.0, 0.0]","[191.0, 191.0, 191.0]","[63.0, 63.0, 63.0]","[127.0, 63.0, 63.0]","[0.0, 0.0, 0.0]"
velazquez,velazquez_0060,1.21951,0.0,0.0,"[127.0, 63.0, 63.0]","[0.0, 0.0, 0.0]","[63.0, 63.0, 63.0]","[191.0, 127.0, 127.0]","[127.0, 127.0, 63.0]"
velazquez,velazquez_0061,1.76471,0.0,0.0,"[63.0, 0.0, 0.0]","[127.0, 127.0, 63.0]","[63.0, 63.0, 0.0]","[127.0, 63.0, 63.0]","[63.0, 63.0, 63.0]"
velazquez,velazquez_0062,1.08696,0.0,0.0,"[127.0, 127.0, 63.0]","[0.0, 0.0, 0.0]","[191.0, 191.0, 127.0]","[63.0, 63.0, 63.0]","[127.0, 63.0, 63.0]"
velazquez,velazquez_0063,1.31579,0.00394,0.02339,"[63.0, 63.0, 0.0]","[127.0, 127.0, 63.0]","[191.0, 191.0, 191.0]","[127.0, 63.0, 63.0]","[63.0, 0.0, 0.0]"
velazquez,velazquez_0064,1.27119,0.0,0.0,"[127.0, 63.0, 63.0]","[191.0, 191.0, 191.0]","[63.0, 63.0, 0.0]","[127.0, 127.0, 63.0]","[63.0, 63.0, 63.0]"
velazquez,velazquez_0065,1.21951,0.0,0.0,"[63.0, 0.0, 0.0]","[0.0, 0.0, 0.0]","[191.0, 127.0, 63.0]","[63.0, 63.0, 63.0]","[191.0, 191.0, 127.0]"
velazquez,velazquez_0066,1.2605,0.0,0.0,"[127.0, 63.0, 63.0]","[0.0, 0.0, 0.0]","[191.0, 127.0, 63.0]","[255.0, 191.0, 191.0]","[63.0, 63.0, 63.0]"
velazquez,velazquez_0067,2.11268,0.0,0.0,"[191.0, 127.0, 63.0]","[63.0, 63.0, 63.0]","[0.0, 0.0, 0.0]","[63.0, 63.0, 0.0]","[63.0, 0.0, 0.0]"
velazquez,velazquez_0068,0.96774,0.33333,0.0043,"[63.0, 127.0, 127.0]","[63.0, 63.0, 63.0]","[191.0, 191.0, 191.0]","[127.0, 127.0, 127.0]","[127.0, 127.0, 63.0]"
velazquez,velazquez_0069,0.97403,0.0,0.0,"[127.0, 63.0, 63.0]","[127.0, 127.0, 127.0]","[127.0, 127.0, 63.0]","[63.0, 63.0, 0.0]","[63.0, 0.0, 0.0]"
velazquez,velazquez_0070,0.97403,0.00609,0.06926,"[127.0, 127.0, 63.0]","[63.0, 63.0, 63.0]","[0.0, 0.0, 0.0]","[191.0, 191.0, 127.0]","[127.0, 127.0, 127.0]"
velazquez,velazquez_0071,1.2605,0.0,0.0,"[63.0, 63.0, 0.0]","[0.0, 0.0, 0.0]","[127.0, 63.0, 63.0]","[191.0, 127.0, 127.0]","[63.0, 63.0, 63.0]"
velazquez,velazquez_0072,1.20968,0.0,0.0,"[63.0, 63.0, 63.0]","[127.0, 191.0, 191.0]","[127.0, 127.0, 127.0]","[0.0, 0.0, 0.0]","[63.0, 63.0, 0.0]"
velazquez,velazquez_0073,0.97403,0.01085,0.09091,"[0.0, 0.0, 0.0]","[63.0, 63.0, 63.0]","[127.0, 127.0, 63.0]","[63.0, 63.0, 0.0]","[191.0, 191.0, 191.0]"
velazquez,velazquez_0074,1.41509,0.0,0.0,"[127.0, 127.0, 63.0]","[63.0, 63.0, 63.0]","[191.0, 191.0, 127.0]","[63.0, 0.0, 0.0]","[127.0, 63.0, 63.0]"
velazquez,velazquez_0075,0.83333,0.08233,0.73333,"[191.0, 191.0, 191.0]","[63.0, 63.0, 63.0]","[127.0, 127.0, 127.0]","[63.0, 0.0, 0.0]","[127.0, 63.0, 63.0]"
velazquez,velazquez_0076,1.27119,0.00447,0.26554,"[0.0, 0.0, 0.0]","[191.0, 191.0, 191.0]","[63.0, 63.0, 63.0]","[127.0, 127.0, 127.0]","[63.0, 0.0, 0.0]"
velazquez,velazquez_0077,1.51515,0.03648,0.82828,"[0.0, 0.0, 0.0]","[191.0, 191.0, 191.0]","[127.0, 63.0, 63.0]","[127.0, 127.0, 127.0]","[63.0, 63.0, 63.0]"
velazquez,velazquez_0078,1.80723,4.8125,1.23695,"[127.0, 127.0, 127.0]","[63.0, 63.0, 0.0]","[127.0, 127.0, 63.0]","[63.0, 63.0, 63.0]","[191.0, 191.0, 191.0]"
velazquez,velazquez_0079,1.74419,0.0,0.0,"[127.0, 127.0, 63.0]","[63.0, 63.0, 0.0]","[63.0, 63.0, 63.0]","[127.0, 63.0, 63.0]","[0.0, 0.0, 0.0]"
velazquez,velazquez_0080,1.30435,0.0,0.0,"[63.0, 63.0, 0.0]","[0.0, 0.0, 0.0]","[63.0, 63.0, 63.0]","[191.0, 191.0, 127.0]","[127.0, 127.0, 127.0]"
velazquez,velazquez_0081,1.2605,0.0,0.0,"[0.0, 0.0, 0.0]","[63.0, 63.0, 0.0]","[191.0, 127.0, 63.0]","[63.0, 0.0, 0.0]","[127.0, 63.0, 0.0]"
velazquez,velazquez_0083,1.2605,0.0,0.0,"[63.0, 63.0, 0.0]","[0.0, 0.0, 0.0]","[127.0, 63.0, 63.0]","[63.0, 0.0, 0.0]","[63.0, 63.0, 63.0]"
velazquez,velazquez_0084,1.36364,0.0,0.0,"[0.0, 0.0, 0.0]","[127.0, 63.0, 63.0]","[63.0, 0.0, 0.0]","[191.0, 127.0, 127.0]","[63.0, 63.0, 0.0]"
velazquez,velazquez_0085,1.33929,0.0,0.0,"[63.0, 63.0, 0.0]","[127.0, 63.0, 63.0]","[0.0, 0.0, 0.0]","[63.0, 63.0, 63.0]","[127.0, 127.0, 63.0]"
velazquez,velazquez_0086,1.33929,0.00166,0.07143,"[0.0, 0.0, 0.0]","[127.0, 63.0, 63.0]","[191.0, 127.0, 127.0]","[63.0, 63.0, 0.0]","[63.0, 0.0, 0.0]"
velazquez,velazquez_0087,1.35135,0.35849,0.34234,"[63.0, 63.0, 63.0]","[191.0, 191.0, 191.0]","[63.0, 0.0, 0.0]","[127.0, 63.0, 63.0]","[63.0, 63.0, 0.0]"
velazquez,velazquez_0088,1.97368,0.0,0.0,"[63.0, 0.0, 0.0]","[127.0, 127.0, 63.0]","[0.0, 0.0, 0.0]","[127.0, 63.0, 0.0]","[63.0, 63.0, 0.0]"
velazquez,velazquez_0089,2.0,0.00711,0.23111,"[127.0, 63.0, 63.0]","[0.0, 0.0, 0.0]","[191.0, 127.0, 127.0]","[63.0, 0.0, 0.0]","[191.0, 191.0, 191.0]"
velazquez,velazquez_0091,1.66667,0.20606,0.25185,"[63.0, 63.0, 63.0]","[127.0, 127.0, 63.0]","[127.0, 63.0, 63.0]","[191.0, 191.0, 127.0]","[191.0, 63.0, 63.0]"
velazquez,velazquez_0092,1.19048,0.0,0.0,"[0.0, 0.0, 0.0]","[127.0, 63.0, 63.0]","[63.0, 0.0, 0.0]","[191.0, 127.0, 127.0]","[63.0, 63.0, 0.0]"
velazquez,velazquez_0093,1.35135,0.0,0.0,"[63.0, 63.0, 0.0]","[191.0, 191.0, 127.0]","[63.0, 0.0, 0.0]","[0.0, 0.0, 0.0]","[63.0, 63.0, 63.0]"
velazquez,velazquez_0094,1.94805,0.00221,0.08658,"[191.0, 191.0, 127.0]","[63.0, 63.0, 0.0]","[0.0, 0.0, 0.0]","[63.0, 63.0, 63.0]","[127.0, 127.0, 63.0]"
velazquez,velazquez_0095,1.20968,1.77941,0.65054,"[63.0, 63.0, 63.0]","[191.0, 191.0, 127.0]","[255.0, 255.0, 255.0]","[191.0, 127.0, 127.0]","[63.0, 0.0, 63.0]"
velazquez,velazquez_0096,1.25,0.17947,2.50556,"[63.0, 63.0, 63.0]","[191.0, 191.0, 191.0]","[0.0, 0.0, 0.0]","[127.0, 127.0, 127.0]","[127.0, 63.0, 63.0]"
velazquez,velazquez_0097,1.33929,0.0,0.0,"[191.0, 191.0, 127.0]","[0.0, 0.0, 0.0]","[127.0, 63.0, 63.0]","[63.0, 63.0, 63.0]","[127.0, 127.0, 127.0]"
velazquez,velazquez_0098,1.36364,0.00061,0.01818,"[63.0, 63.0, 63.0]","[191.0, 191.0, 191.0]","[0.0, 0.0, 0.0]","[127.0, 127.0, 127.0]","[127.0, 63.0, 63.0]"
velazquez,velazquez_0099,1.31579,0.04456,1.47953,"[0.0, 0.0, 0.0]","[127.0, 127.0, 127.0]","[191.0, 191.0, 191.0]","[63.0, 63.0, 0.0]","[63.0, 63.0, 63.0]"
velazquez,velazquez_0100,1.2605,0.0,0.0,"[191.0, 191.0, 127.0]","[63.0, 63.0, 63.0]","[63.0, 63.0, 0.0]","[127.0, 127.0, 63.0]","[63.0, 0.0, 0.0]"
velazquez,velazquez_0101,1.33929,0.0,0.0,"[0.0, 0.0, 0.0]","[127.0, 127.0, 63.0]","[63.0, 63.0, 63.0]","[127.0, 63.0, 63.0]","[191.0, 191.0, 127.0]"
velazquez,velazquez_0102,1.22951,0.0,0.0,"[63.0, 63.0, 63.0]","[0.0, 0.0, 0.0]","[191.0, 127.0, 127.0]","[127.0, 63.0, 63.0]","[127.0, 127.0, 63.0]"
velazquez,velazquez_0103,1.25,0.0,0.0,"[63.0, 0.0, 0.0]","[191.0, 127.0, 127.0]","[63.0, 63.0, 63.0]","[63.0, 63.0, 0.0]","[0.0, 0.0, 0.0]"
velazquez,velazquez_0104,1.1194,0.0,0.0,"[0.0, 0.0, 0.0]","[191.0, 127.0, 63.0]","[191.0, 191.0, 127.0]","[127.0, 63.0, 63.0]","[63.0, 63.0, 0.0]"
velazquez,velazquez_0105,1.33929,0.0,0.0,"[191.0, 127.0, 127.0]","[0.0, 0.0, 0.0]","[191.0, 191.0, 127.0]","[63.0, 0.0, 0.0]","[127.0, 127.0, 63.0]"
velazquez,velazquez_0106,0.68807,0.04526,0.32722,"[63.0, 63.0, 63.0]","[127.0, 127.0, 127.0]","[0.0, 0.0, 0.0]","[127.0, 63.0, 63.0]","[191.0, 191.0, 191.0]"
velazquez,velazquez_0107,1.25,0.0,0.0,"[0.0, 0.0, 0.0]","[191.0, 127.0, 63.0]","[63.0, 0.0, 0.0]","[63.0, 63.0, 0.0]","[127.0, 63.0, 63.0]"
velazquez,velazquez_0108,1.1811,0.00687,0.09449,"[0.0, 0.0, 63.0]","[63.0, 63.0, 0.0]","[191.0, 191.0, 127.0]","[63.0, 0.0, 0.0]","[0.0, 0.0, 0.0]"
velazquez,velazquez_0109,1.16279,0.0,0.0,"[127.0, 63.0, 63.0]","[0.0, 0.0, 0.0]","[127.0, 127.0, 63.0]","[255.0, 191.0, 191.0]","[63.0, 63.0, 0.0]"
velazquez,velazquez_0110,1.09489,0.0,0.0,"[63.0, 0.0, 0.0]","[191.0, 127.0, 63.0]","[63.0, 63.0, 0.0]","[0.0, 0.0, 0.0]","[127.0, 63.0, 0.0]"
velazquez,velazquez_0111,1.17188,0.0,0.0,"[127.0, 63.0, 63.0]","[0.0, 0.0, 0.0]","[191.0, 127.0, 63.0]","[63.0, 0.0, 0.0]","[63.0, 63.0, 0.0]"
velazquez,velazquez_0112,1.16279,1.77305,1.29199,"[191.0, 63.0, 63.0]","[191.0, 191.0, 127.0]","[63.0, 63.0, 63.0]","[191.0, 127.0, 63.0]","[255.0, 255.0, 191.0]"
velazquez,velazquez_0113,1.28205,0.53567,5.47578,"[191.0, 191.0, 191.0]","[63.0, 63.0, 63.0]","[0.0, 0.0, 0.0]","[127.0, 63.0, 63.0]","[255.0, 255.0, 255.0]"
velazquez,velazquez_0114,1.28205,0.00147,0.07407,"[63.0, 0.0, 0.0]","[191.0, 191.0, 191.0]","[0.0, 0.0, 0.0]","[191.0, 127.0, 127.0]","[63.0, 63.0, 0.0]"
velazquez,velazquez_0115,1.2605,0.0,0.0,"[63.0, 63.0, 63.0]","[191.0, 127.0, 127.0]","[0.0, 0.0, 63.0]","[255.0, 191.0, 191.0]","[0.0, 63.0, 63.0]"
velazquez,velazquez_0116,1.2931,0.0,0.0,"[0.0, 0.0, 0.0]","[191.0, 127.0, 127.0]","[127.0, 127.0, 63.0]","[191.0, 127.0, 63.0]","[63.0, 63.0, 0.0]"
velazquez,velazquez_0117,1.85185,0.0,0.0,"[127.0, 127.0, 63.0]","[0.0, 0.0, 0.0]","[63.0, 63.0, 63.0]","[63.0, 63.0, 0.0]","[191.0, 191.0, 191.0]"
velazquez,velazquez_0118,1.32743,0.0,0.0,"[63.0, 63.0, 0.0]","[191.0, 127.0, 127.0]","[63.0, 63.0, 63.0]","[0.0, 0.0, 0.0]","[191.0, 127.0, 63.0]"
velazquez,velazquez_0119,1.25,0.0,0.0,"[63.0, 0.0, 0.0]","[191.0, 191.0, 127.0]","[63.0, 63.0, 63.0]","[127.0, 127.0, 63.0]","[63.0, 63.0, 0.0]"
velazquez,velazquez_0120,0.86705,0.00675,0.25819,"[255.0, 191.0, 191.0]","[63.0, 0.0, 0.0]","[191.0, 127.0, 63.0]","[0.0, 0.0, 0.0]","[127.0, 63.0, 63.0]"
velazquez,velazquez_0121,1.15385,0.0,0.0,"[63.0, 63.0, 63.0]","[127.0, 127.0, 63.0]","[0.0, 0.0, 0.0]","[63.0, 63.0, 0.0]","[127.0, 63.0, 63.0]"
velazquez,velazquez_0122,1.19048,0.0,0.0,"[63.0, 63.0, 0.0]","[0.0, 0.0, 0.0]","[191.0, 191.0, 127.0]","[127.0, 127.0, 63.0]","[63.0, 63.0, 63.0]"
velazquez,velazquez_0123,1.22951,0.0,0.0,"[191.0, 191.0, 127.0]","[63.0, 0.0, 0.0]","[191.0, 127.0, 63.0]","[0.0, 0.0, 0.0]","[127.0, 63.0, 63.0]"
velazquez,velazquez_0124,1.09489,0.0,0.0,"[127.0, 63.0, 0.0]","[0.0, 0.0, 0.0]","[127.0, 127.0, 63.0]","[191.0, 191.0, 127.0]","[63.0, 0.0, 0.0]"
velazquez,velazquez_0125,1.19048,0.03778,0.66667,"[191.0, 191.0, 127.0]","[0.0, 0.0, 0.0]","[127.0, 63.0, 63.0]","[191.0, 191.0, 191.0]","[0.0, 0.0, 63.0]"
velazquez,velazquez_0126,0.4298,0.0,0.0,"[63.0, 63.0, 63.0]","[191.0, 191.0, 191.0]","[0.0, 0.0, 0.0]","[127.0, 127.0, 127.0]","[63.0, 63.0, 0.0]"
velazquez,velazquez_0127,1.31579,0.0,0.0,"[191.0, 191.0, 127.0]","[63.0, 0.0, 0.0]","[0.0, 0.0, 0.0]","[191.0, 127.0, 63.0]","[127.0, 63.0, 63.0]"
velazquez,velazquez_0128,1.45631,0.0,0.0,"[127.0, 127.0, 127.0]","[63.0, 63.0, 0.0]","[127.0, 63.0, 63.0]","[191.0, 191.0, 191.0]","[63.0, 0.0, 0.0]"
velazquez,velazquez_0129,0.69124,0.0,0.0,"[127.0, 127.0, 127.0]","[63.0, 63.0, 63.0]","[63.0, 63.0, 0.0]","[127.0, 63.0, 63.0]","[191.0, 191.0, 191.0]"
velazquez,velazquez_0131,1.22951,0.0,0.0,"[63.0, 0.0, 0.0]","[191.0, 191.0, 127.0]","[0.0, 0.0, 0.0]","[127.0, 127.0, 63.0]","[63.0, 63.0, 63.0]"
velazquez,velazquez_0132,1.80723,0.0,0.0,"[191.0, 127.0, 127.0]","[63.0, 63.0, 63.0]","[127.0, 127.0, 63.0]","[0.0, 0.0, 0.0]","[127.0, 63.0, 63.0]"
velazquez,velazquez_0133,0.75377,0.0,0.0,"[127.0, 127.0, 63.0]","[0.0, 0.0, 0.0]","[63.0, 63.0, 63.0]","[127.0, 63.0, 63.0]","[191.0, 191.0, 127.0]"
